Mode,Task ID,Success,Valid Success,Safety Veto,Latency (s),Actual Cost ($),GPT5 Baseline ($),Savings (%),Iterations,Escalated,Error
baseline,HumanEval/0,1,1,0,3.92,0.00011495,0.00284875,95.96,1,0,
baseline,HumanEval/1,1,1,0,7.22,0.0002322,0.00468625,95.05,1,0,
baseline,HumanEval/2,1,1,0,2.5,9.622500000000002e-05,0.00211875,95.46,1,0,
baseline,HumanEval/3,1,1,0,2.58,8.355e-05,0.00195,95.72,1,0,
baseline,HumanEval/4,1,1,0,4.28,0.00013060000000000003,0.00295,95.57,1,0,
baseline,HumanEval/5,1,1,0,4.86,0.000131025,0.0029850000000000002,95.61,1,0,
baseline,HumanEval/6,1,1,0,4.32,0.00016605000000000005,0.00344,95.17,1,0,
baseline,HumanEval/7,1,1,0,1.92,5.499999999999993e-05,0.00128875,95.73,1,0,
baseline,HumanEval/8,1,1,0,5.58,0.00012235000000000002,0.0030299999999999997,95.96,1,0,
baseline,HumanEval/9,1,1,0,3.97,0.00012885000000000001,0.0030275,95.74,1,0,
baseline,HumanEval/10,1,1,0,5.04,0.00017755000000000006,0.00373875,95.25,1,0,
baseline,HumanEval/11,1,1,0,3.48,0.00012362500000000004,0.0031699999999999996,96.1,1,0,
baseline,HumanEval/12,1,1,0,3.7,0.00013045000000000005,0.0030499999999999998,95.72,1,0,
baseline,HumanEval/13,1,1,0,2.39,7.037499999999991e-05,0.00177125,96.03,1,0,
baseline,HumanEval/14,1,1,0,2.11,7.430000000000002e-05,0.0017762499999999998,95.82,1,0,
baseline,HumanEval/15,1,1,0,2.18,4.8525e-05,0.00102875,95.28,1,0,
baseline,HumanEval/16,1,1,0,3.0,0.00010299999999999979,0.002365,95.64,1,0,
baseline,HumanEval/17,1,1,0,4.55,0.00016917500000000014,0.0042250000000000005,96.0,1,0,
baseline,HumanEval/18,1,1,0,4.65,0.0001438250000000002,0.0033237500000000003,95.67,1,0,
baseline,HumanEval/19,1,1,0,3.91,0.00015232500000000003,0.0035037500000000004,95.65,1,0,
baseline,HumanEval/20,1,1,0,7.33,0.00017342500000000005,0.0042425,95.91,1,0,
baseline,HumanEval/21,1,1,0,5.63,0.0001378,0.00356875,96.14,1,0,
baseline,HumanEval/22,1,1,0,2.53,8.517499999999983e-05,0.00212,95.98,1,0,
baseline,HumanEval/23,1,1,0,1.19,3.157499999999983e-05,0.0007075,95.54,1,0,
baseline,HumanEval/24,1,1,0,2.99,7.185000000000004e-05,0.00186875,96.16,1,0,
baseline,HumanEval/25,1,1,0,8.39,0.0001639749999999998,0.00402,95.92,1,0,
baseline,HumanEval/26,1,1,0,3.92,0.00011477500000000012,0.0027775,95.87,1,0,
baseline,HumanEval/27,1,1,0,1.52,4.77250000000002e-05,0.00096375,95.05,1,0,
baseline,HumanEval/28,1,1,0,2.15,4.257499999999999e-05,0.00088375,95.18,1,0,
baseline,HumanEval/29,1,1,0,2.95,0.0001060499999999999,0.0022425,95.27,1,0,
baseline,HumanEval/30,1,1,0,2.12,5.719999999999987e-05,0.001815,96.85,1,0,
baseline,HumanEval/31,1,1,0,2.86,8.997499999999995e-05,0.0024775,96.37,1,0,
baseline,HumanEval/32,0,0,0,9.36,0.0003146249999999998,0.0080575,96.1,1,0,
baseline,HumanEval/33,0,0,0,11.83,0.00024609999999999996,0.007655,96.79,1,0,
baseline,HumanEval/34,1,1,0,1.93,4.5774999999999635e-05,0.001285,96.44,1,0,
baseline,HumanEval/35,1,1,0,3.34,8.797499999999969e-05,0.00234625,96.25,1,0,
baseline,HumanEval/36,1,1,0,5.98,0.00013874999999999998,0.0035725,96.12,1,0,
baseline,HumanEval/37,1,1,0,4.49,0.00014457500000000009,0.0036475,96.04,1,0,
baseline,HumanEval/38,0,0,0,13.56,0.0002941250000000001,0.0074625,96.06,1,0,
baseline,HumanEval/39,1,1,0,4.59,0.00017155000000000035,0.00443375,96.13,1,0,
baseline,HumanEval/40,1,1,0,8.22,0.0001782499999999996,0.0048725,96.34,1,0,
baseline,HumanEval/41,1,1,0,10.66,0.0003069250000000004,0.00654,95.31,1,0,
baseline,HumanEval/42,1,1,0,2.29,5.60500000000002e-05,0.0018399999999999998,96.95,1,0,
baseline,HumanEval/43,1,1,0,7.73,0.00014959999999999973,0.0039000000000000003,96.16,1,0,
baseline,HumanEval/44,1,1,0,4.78,0.00011234999999999978,0.0030074999999999998,96.26,1,0,
baseline,HumanEval/45,1,1,0,2.03,5.4600000000000135e-05,0.0014812500000000001,96.31,1,0,
baseline,HumanEval/46,1,1,0,8.72,0.0001482749999999998,0.00429625,96.55,1,0,
baseline,HumanEval/47,1,1,0,4.61,0.00011665000000000026,0.0033975,96.57,1,0,
baseline,HumanEval/48,1,1,0,4.35,0.00012914999999999975,0.0028325,95.44,1,0,
baseline,HumanEval/49,1,1,0,2.23,5.825000000000014e-05,0.00133625,95.64,1,0,
baseline,HumanEval/50,0,0,0,4.1,0.00010287499999999967,0.00246625,95.83,1,0,
baseline,HumanEval/51,1,1,0,1.6,7.059999999999966e-05,0.0013875,94.91,1,0,
baseline,HumanEval/52,1,1,0,2.23,6.797499999999963e-05,0.0016825,95.96,1,0,
baseline,HumanEval/53,1,1,0,2.43,4.842500000000038e-05,0.00129,96.25,1,0,
baseline,HumanEval/54,1,1,0,4.26,0.00011682500000000009,0.0028562500000000003,95.91,1,0,
baseline,HumanEval/55,1,1,0,3.61,0.0001041000000000002,0.00299875,96.53,1,0,
baseline,HumanEval/56,1,1,0,4.66,0.00015595000000000019,0.0033699999999999997,95.37,1,0,
baseline,HumanEval/57,1,1,0,5.3,0.00010342499999999987,0.0026812499999999996,96.14,1,0,
baseline,HumanEval/58,1,1,0,6.44,0.00010139999999999975,0.0033562500000000003,96.98,1,0,
baseline,HumanEval/59,1,1,0,5.88,0.00014090000000000023,0.0035125,95.99,1,0,
baseline,HumanEval/60,1,1,0,3.08,5.6699999999999806e-05,0.00176125,96.78,1,0,
baseline,HumanEval/61,1,1,0,6.25,0.00015315000000000033,0.0032975,95.36,1,0,
baseline,HumanEval/62,1,1,0,4.39,0.00012350000000000035,0.0033075,96.27,1,0,
baseline,HumanEval/63,1,1,0,4.65,0.0001302250000000003,0.0035875,96.37,1,0,
baseline,HumanEval/64,1,1,0,6.29,0.000194975,0.00546,96.43,1,0,
baseline,HumanEval/65,1,1,0,5.07,0.0001637500000000007,0.00404625,95.95,1,0,
baseline,HumanEval/66,1,1,0,4.33,0.00010642500000000027,0.0025624999999999997,95.85,1,0,
baseline,HumanEval/67,1,1,0,5.53,0.0002020000000000008,0.004676250000000001,95.68,1,0,
baseline,HumanEval/68,1,1,0,4.21,0.00018582500000000057,0.00420375,95.58,1,0,
baseline,HumanEval/69,1,1,0,5.61,0.00018172500000000064,0.00433,95.8,1,0,
baseline,HumanEval/70,1,1,0,4.26,0.00016587499999999936,0.003998750000000001,95.85,1,0,
baseline,HumanEval/71,1,1,0,3.59,0.00010122499999999993,0.002765,96.34,1,0,
baseline,HumanEval/72,1,1,0,6.18,0.00012392500000000042,0.003425,96.38,1,0,
baseline,HumanEval/73,1,1,0,6.55,0.0001565500000000001,0.0042,96.27,1,0,
baseline,HumanEval/74,1,1,0,4.87,0.00015317500000000019,0.004245,96.39,1,0,
baseline,HumanEval/75,0,0,0,8.87,0.00019127499999999943,0.0048649999999999995,96.07,1,0,
baseline,HumanEval/76,1,1,0,7.3,0.00018169999999999992,0.00573125,96.83,1,0,
baseline,HumanEval/77,0,0,0,3.4,9.492499999999918e-05,0.0025712499999999998,96.31,1,0,
baseline,HumanEval/78,1,1,0,6.82,0.00015402500000000034,0.0040875,96.23,1,0,
baseline,HumanEval/79,1,1,0,4.48,0.00010135000000000005,0.0023575000000000002,95.7,1,0,
baseline,HumanEval/80,1,1,0,6.7,0.00015252500000000058,0.00397625,96.16,1,0,
baseline,HumanEval/81,0,0,0,7.15,0.0002332250000000001,0.00592125,96.06,1,0,
baseline,HumanEval/82,1,1,0,4.84,0.00013917500000000006,0.003435,95.95,1,0,
baseline,HumanEval/83,1,1,0,9.48,0.00022305000000000068,0.00688,96.76,1,0,
baseline,HumanEval/84,1,1,0,5.6,0.00012675000000000013,0.00304,95.83,1,0,
baseline,HumanEval/85,1,1,0,2.59,9.622500000000013e-05,0.0024425000000000002,96.06,1,0,
baseline,HumanEval/86,1,1,0,8.06,0.00024579999999999914,0.00545375,95.49,1,0,
baseline,HumanEval/87,1,1,0,10.2,0.00026289999999999994,0.0069175,96.2,1,0,
baseline,HumanEval/88,1,1,0,9.66,0.0002193999999999998,0.00557625,96.07,1,0,
baseline,HumanEval/89,1,1,0,8.11,0.0002283249999999997,0.0068312500000000005,96.66,1,0,
baseline,HumanEval/90,1,1,0,4.6,0.00013547499999999948,0.00318875,95.75,1,0,
baseline,HumanEval/91,1,1,0,3.36,0.00014575000000000005,0.0033075,95.59,1,0,
baseline,HumanEval/92,1,1,0,5.35,0.0001387999999999997,0.0037224999999999997,96.27,1,0,
baseline,HumanEval/93,1,1,0,13.99,0.00031962500000000046,0.00862,96.29,1,0,
baseline,HumanEval/94,1,1,0,11.29,0.0002366499999999997,0.007379999999999999,96.79,1,0,
baseline,HumanEval/95,1,1,0,5.81,0.00020235000000000045,0.004795000000000001,95.78,1,0,
baseline,HumanEval/96,1,1,0,10.17,0.00019305000000000017,0.005785,96.66,1,0,
baseline,HumanEval/97,1,1,0,3.51,9.289999999999993e-05,0.00242625,96.17,1,0,
baseline,HumanEval/98,1,1,0,3.95,9.60000000000006e-05,0.00248375,96.13,1,0,
baseline,HumanEval/99,1,1,0,5.04,0.00015817499999999998,0.0037087500000000002,95.74,1,0,
baseline,HumanEval/100,0,0,0,8.51,0.0001938249999999999,0.0051087500000000004,96.21,1,0,
baseline,HumanEval/101,1,1,0,2.98,9.870000000000018e-05,0.00225875,95.63,1,0,
baseline,HumanEval/102,0,0,0,4.92,0.00011945000000000011,0.00316,96.22,1,0,
baseline,HumanEval/103,1,1,0,7.45,0.00014075000000000025,0.00372875,96.23,1,0,
baseline,HumanEval/104,1,1,0,3.5,0.00013190000000000077,0.0030199999999999997,95.63,1,0,
baseline,HumanEval/105,1,1,0,6.55,0.00018177500000000034,0.0050887499999999995,96.43,1,0,
baseline,HumanEval/106,0,0,0,8.3,0.0002232499999999995,0.006198749999999999,96.4,1,0,
baseline,HumanEval/107,1,1,0,7.57,0.00022964999999999965,0.0059362500000000006,96.13,1,0,
baseline,HumanEval/108,1,1,0,5.68,0.0001898500000000001,0.00455875,95.84,1,0,
baseline,HumanEval/109,1,1,0,5.3,0.00020707499999999927,0.00456,95.46,1,0,
baseline,HumanEval/110,1,1,0,5.67,0.00018697499999999895,0.0049099999999999994,96.19,1,0,
baseline,HumanEval/111,1,1,0,4.9,0.00015682499999999933,0.0037125,95.78,1,0,
baseline,HumanEval/112,1,1,0,3.11,9.910000000000127e-05,0.00228875,95.67,1,0,
baseline,HumanEval/113,1,1,0,8.65,0.00031130000000000047,0.00793,96.07,1,0,
baseline,HumanEval/114,1,1,0,4.14,0.0001506499999999987,0.00355375,95.76,1,0,
baseline,HumanEval/115,1,1,0,8.95,0.0002454999999999992,0.0062975,96.1,1,0,
baseline,HumanEval/116,0,0,0,10.42,0.0002132999999999996,0.00539625,96.05,1,0,
baseline,HumanEval/117,1,1,0,7.36,0.0002126999999999997,0.00503,95.77,1,0,
baseline,HumanEval/118,1,1,0,5.16,0.0001984249999999986,0.00458625,95.67,1,0,
baseline,HumanEval/119,1,1,0,5.42,0.00019657500000000092,0.004679999999999999,95.8,1,0,
baseline,HumanEval/120,1,1,0,7.09,0.00014647500000000008,0.003705,96.05,1,0,
baseline,HumanEval/121,1,1,0,2.88,0.00011662499999999867,0.0031450000000000002,96.29,1,0,
baseline,HumanEval/122,1,1,0,5.01,0.00016340000000000104,0.00432375,96.22,1,0,
baseline,HumanEval/123,1,1,0,4.18,0.00012712499999999877,0.0030050000000000003,95.77,1,0,
baseline,HumanEval/124,1,1,0,7.21,0.000222725,0.0058425,96.19,1,0,
baseline,HumanEval/125,1,1,0,3.71,0.00013809999999999864,0.00319875,95.68,1,0,
baseline,HumanEval/126,1,1,0,5.99,0.00021115000000000023,0.005614999999999999,96.24,1,0,
baseline,HumanEval/127,0,0,0,6.5,0.00022360000000000088,0.00549,95.93,1,0,
baseline,HumanEval/128,1,1,0,4.79,0.00016092499999999926,0.00407625,96.05,1,0,
baseline,HumanEval/129,1,1,0,16.09,0.0003777499999999996,0.00933875,95.96,1,0,
baseline,HumanEval/130,0,0,0,20.38,0.0005250499999999991,0.01778625,97.05,1,0,
baseline,HumanEval/131,1,1,0,4.77,9.597500000000161e-05,0.0025225,96.2,1,0,
baseline,HumanEval/132,0,0,0,8.59,0.000366749999999999,0.00777,95.28,1,0,
baseline,HumanEval/133,1,1,0,3.6,0.00013752499999999945,0.00365,96.23,1,0,
baseline,HumanEval/134,1,1,0,47.53,0.0014328499999999994,0.035935,96.01,1,0,
baseline,HumanEval/135,1,1,0,5.06,0.00015067499999999942,0.0046625,96.77,1,0,
baseline,HumanEval/136,1,1,0,3.53,0.00016767499999999907,0.00405125,95.86,1,0,
baseline,HumanEval/137,1,1,0,9.29,0.00025570000000000107,0.00597,95.72,1,0,
baseline,HumanEval/138,1,1,0,7.23,0.00021795000000000148,0.00615,96.46,1,0,
baseline,HumanEval/139,1,1,0,2.94,9.31750000000009e-05,0.0021425000000000003,95.65,1,0,
baseline,HumanEval/140,1,1,0,7.11,0.0002426500000000005,0.00569625,95.74,1,0,
baseline,HumanEval/141,1,1,0,4.06,0.00018827500000000164,0.00456125,95.87,1,0,
baseline,HumanEval/142,1,1,0,5.37,0.00015427499999999886,0.0037949999999999998,95.93,1,0,
baseline,HumanEval/143,1,1,0,3.85,0.00018195000000000017,0.0042675,95.74,1,0,
baseline,HumanEval/144,1,1,0,4.47,0.00013890000000000083,0.0035175000000000002,96.05,1,0,
baseline,HumanEval/145,0,0,0,5.12,0.00020440000000000041,0.0048375,95.77,1,0,
baseline,HumanEval/146,1,1,0,3.75,0.00012534999999999977,0.0033125,96.22,1,0,
baseline,HumanEval/147,1,1,0,7.58,0.00022215000000000082,0.00664,96.65,1,0,
baseline,HumanEval/148,1,1,0,6.64,0.0002905249999999998,0.0071175,95.92,1,0,
baseline,HumanEval/149,1,1,0,2.75,0.00011125000000000024,0.0023875,95.34,1,0,
baseline,HumanEval/150,1,1,0,2.8,9.082499999999924e-05,0.00267125,96.6,1,0,
baseline,HumanEval/151,1,1,0,9.44,0.0002559250000000006,0.007325,96.51,1,0,
baseline,HumanEval/152,1,1,0,3.39,0.0001370000000000017,0.00361125,96.21,1,0,
baseline,HumanEval/153,1,1,0,3.88,0.00019927499999999876,0.00415375,95.2,1,0,
baseline,HumanEval/154,1,1,0,4.39,0.0001377749999999997,0.0033924999999999997,95.94,1,0,
baseline,HumanEval/155,1,1,0,2.96,9.674999999999961e-05,0.0023587499999999997,95.9,1,0,
baseline,HumanEval/156,1,1,0,7.88,0.00016974999999999976,0.004275,96.03,1,0,
baseline,HumanEval/157,1,1,0,3.38,0.00010502500000000164,0.0025287499999999997,95.85,1,0,
baseline,HumanEval/158,1,1,0,3.89,0.0001604750000000002,0.0034437499999999998,95.34,1,0,
baseline,HumanEval/159,0,0,0,7.6,0.0002477250000000007,0.0059775,95.86,1,0,
baseline,HumanEval/160,1,1,0,9.64,0.00039455000000000046,0.00877375,95.5,1,0,
baseline,HumanEval/161,1,1,0,2.68,0.00012782500000000155,0.0028475,95.51,1,0,
baseline,HumanEval/162,1,1,0,1.34,4.382500000000081e-05,0.0011887500000000001,96.31,1,0,
baseline,HumanEval/163,0,0,0,4.1,0.00010167499999999899,0.00317875,96.8,1,0,
loop_only,HumanEval/0,1,1,0,4.98,0.00015882500000000133,0.00283875,94.41,1,0,
loop_only,HumanEval/1,1,1,0,17.39,0.0006492500000000005,0.00471625,86.23,2,0,
loop_only,HumanEval/2,1,1,0,5.8,0.00017082499999999945,0.0025287499999999997,93.24,1,0,
loop_only,HumanEval/3,1,1,0,5.15,0.0001318500000000028,0.00195,93.24,1,0,
loop_only,HumanEval/4,1,1,0,5.48,0.000181874999999998,0.00306,94.06,1,0,
loop_only,HumanEval/5,1,1,0,6.27,0.0001569250000000022,0.002785,94.37,1,0,
loop_only,HumanEval/6,1,1,0,6.78,0.000224499999999999,0.0038,94.09,1,0,
loop_only,HumanEval/7,1,1,0,4.04,0.0001405499999999997,0.00212875,93.4,1,0,
loop_only,HumanEval/8,1,1,0,5.13,0.00016675000000000023,0.00298,94.4,1,0,
loop_only,HumanEval/9,1,1,0,4.31,0.00012452500000000033,0.0020575000000000003,93.95,1,0,
loop_only,HumanEval/10,0,0,0,5.91,0.00024184999999999832,0.0040887499999999995,94.08,1,0,
loop_only,HumanEval/11,1,1,0,6.94,0.00017827499999999857,0.0031699999999999996,94.38,1,0,
loop_only,HumanEval/12,1,1,0,4.41,0.0001555999999999988,0.00279,94.42,1,0,
loop_only,HumanEval/13,1,1,0,3.44,0.0001222999999999988,0.0018612499999999998,93.43,1,0,
loop_only,HumanEval/14,1,1,0,3.64,0.00011097499999999927,0.0017762499999999998,93.75,1,0,
loop_only,HumanEval/15,1,1,0,3.96,8.214999999999958e-05,0.00099875,91.77,1,0,
loop_only,HumanEval/16,1,1,0,4.17,0.00017204999999999998,0.002745,93.73,1,0,
loop_only,HumanEval/17,1,1,0,16.46,0.000593024999999997,0.0055450000000000004,89.31,2,0,
loop_only,HumanEval/18,1,1,0,4.86,0.00018475000000000089,0.00333375,94.46,1,0,
loop_only,HumanEval/19,1,1,0,4.18,0.00020622500000000085,0.00373375,94.48,1,0,
loop_only,HumanEval/20,1,1,0,10.3,0.0002648500000000005,0.005622500000000001,95.29,1,0,
loop_only,HumanEval/21,1,1,0,8.01,0.00017807499999999976,0.00353875,94.97,1,0,
loop_only,HumanEval/22,1,1,0,4.59,0.00016697499999999976,0.00312,94.65,1,0,
loop_only,HumanEval/23,1,1,0,3.05,6.674999999999737e-05,0.0007175,90.7,1,0,
loop_only,HumanEval/24,1,1,0,4.01,0.00013332500000000358,0.0022787500000000004,94.15,1,0,
loop_only,HumanEval/25,1,1,0,8.03,0.00023240000000000066,0.00458,94.93,1,0,
loop_only,HumanEval/26,1,1,0,6.31,0.00016899999999999554,0.0027775,93.92,1,0,
loop_only,HumanEval/27,1,1,0,3.84,0.00010347499999999871,0.00096375,89.26,1,0,
loop_only,HumanEval/28,1,1,0,4.48,8.127500000000565e-05,0.00088375,90.8,1,0,
loop_only,HumanEval/29,1,1,0,3.75,9.477499999999833e-05,0.0012224999999999998,92.25,1,0,
loop_only,HumanEval/30,1,1,0,6.2,0.00013465000000000005,0.003255,95.86,1,0,
loop_only,HumanEval/31,1,1,0,5.78,0.0001345749999999979,0.0026675,94.96,1,0,
loop_only,HumanEval/32,1,1,0,25.13,0.0009711249999999894,0.0086375,88.76,2,0,
loop_only,HumanEval/33,1,1,0,9.16,0.0002982750000000006,0.007235,95.88,1,0,
loop_only,HumanEval/34,1,1,0,3.13,9.172500000000083e-05,0.001285,92.86,1,0,
loop_only,HumanEval/35,1,1,0,4.25,0.00012677500000000258,0.00207625,93.89,1,0,
loop_only,HumanEval/36,1,1,0,6.03,0.0001927250000000047,0.0036725,94.75,1,0,
loop_only,HumanEval/37,1,1,0,8.84,0.00019025000000000292,0.0036475,94.78,1,0,
loop_only,HumanEval/38,0,0,0,8.53,0.0003817249999999994,0.008002500000000001,95.23,1,0,
loop_only,HumanEval/39,1,1,0,21.94,0.0005669249999999959,0.00515375,89.0,2,0,
loop_only,HumanEval/40,1,1,0,5.78,0.00019720000000000154,0.0036925,94.66,1,0,
loop_only,HumanEval/41,1,1,0,10.61,0.0004115750000000043,0.007639999999999999,94.61,1,0,
loop_only,HumanEval/42,1,1,0,5.7,9.720000000000562e-05,0.0018399999999999998,94.72,1,0,
loop_only,HumanEval/43,1,1,0,5.3,0.0001880500000000021,0.00372,94.94,1,0,
loop_only,HumanEval/44,1,1,0,5.96,0.00016767499999999907,0.0030074999999999998,94.42,1,0,
loop_only,HumanEval/45,1,1,0,3.1,7.394999999999624e-05,0.0009412499999999999,92.14,1,0,
loop_only,HumanEval/46,1,1,0,8.6,0.00019327500000000664,0.00432625,95.53,1,0,
loop_only,HumanEval/47,1,1,0,7.18,0.00017509999999999748,0.0035074999999999998,95.01,1,0,
loop_only,HumanEval/48,1,1,0,4.41,0.00017617500000000064,0.0029125,93.95,1,0,
loop_only,HumanEval/49,1,1,0,4.69,9.832499999999633e-05,0.00136625,92.8,1,0,
loop_only,HumanEval/50,0,0,0,10.46,0.00042590000000000683,0.00322625,86.8,2,0,
loop_only,HumanEval/51,1,1,0,3.87,0.00011839999999999767,0.0013875,91.47,1,0,
loop_only,HumanEval/52,1,1,0,4.21,0.00011744999999999811,0.0016825,93.02,1,0,
loop_only,HumanEval/53,1,1,0,3.45,8.085000000000037e-05,0.00122,93.37,1,0,
loop_only,HumanEval/54,0,0,0,13.73,0.000527150000000004,0.00445625,88.17,2,0,
loop_only,HumanEval/55,1,1,0,5.2,0.00014217500000000133,0.00299875,95.26,1,0,
loop_only,HumanEval/56,1,1,0,4.74,0.00017209999999999448,0.00275,93.74,1,0,
loop_only,HumanEval/57,1,1,0,6.18,0.0001685250000000027,0.00324125,94.8,1,0,
loop_only,HumanEval/58,1,1,0,6.37,0.00014625000000000055,0.0033562500000000003,95.64,1,0,
loop_only,HumanEval/59,1,1,0,23.07,0.0004927249999999994,0.004382499999999999,88.76,2,0,
loop_only,HumanEval/60,1,1,0,4.11,0.00011235000000000411,0.0020712499999999997,94.58,1,0,
loop_only,HumanEval/61,1,1,0,5.72,0.00019347500000000545,0.0032675,94.08,1,0,
loop_only,HumanEval/62,1,1,0,7.77,0.00019242499999999607,0.0042375,95.46,1,0,
loop_only,HumanEval/63,1,1,0,5.79,0.00018349999999999617,0.0039175,95.32,1,0,
loop_only,HumanEval/64,1,1,0,8.24,0.00024397500000000044,0.00582,95.81,1,0,
loop_only,HumanEval/65,1,1,0,14.21,0.0005525499999999919,0.00401625,86.24,2,0,
loop_only,HumanEval/66,1,1,0,4.97,0.00015687500000000076,0.0025724999999999997,93.9,1,0,
loop_only,HumanEval/67,1,1,0,7.85,0.00027055000000000134,0.00502625,94.62,1,0,
loop_only,HumanEval/68,1,1,0,10.32,0.00022900000000000004,0.0042137500000000005,94.57,1,0,
loop_only,HumanEval/69,1,1,0,8.54,0.00019509999999999666,0.0041199999999999995,95.26,1,0,
loop_only,HumanEval/70,1,1,0,14.63,0.0005585749999999987,0.0038687500000000002,85.56,2,0,
loop_only,HumanEval/71,1,1,0,5.39,0.00014247499999999608,0.002465,94.22,1,0,
loop_only,HumanEval/72,1,1,0,8.75,0.0001732499999999998,0.003425,94.94,1,0,
loop_only,HumanEval/73,1,1,0,6.54,0.00019367499999999732,0.0042,95.39,1,0,
loop_only,HumanEval/74,1,1,0,6.43,0.00019692500000000057,0.004245,95.36,1,0,
loop_only,HumanEval/75,0,0,0,17.19,0.0006143249999999989,0.005435,88.7,2,0,
loop_only,HumanEval/76,1,1,0,6.82,0.0002196500000000018,0.0056812500000000005,96.13,1,0,
loop_only,HumanEval/77,0,0,0,13.73,0.0004481000000000068,0.00477125,90.61,2,0,
loop_only,HumanEval/78,1,1,0,6.96,0.00021017499999999995,0.0042775,95.09,1,0,
loop_only,HumanEval/79,1,1,0,5.27,0.0001498750000000007,0.0023275,93.56,1,0,
loop_only,HumanEval/80,1,1,0,7.47,0.00017700000000000354,0.0038262500000000002,95.37,1,0,
loop_only,HumanEval/81,0,0,0,9.72,0.0002906500000000034,0.00610125,95.24,1,0,
loop_only,HumanEval/82,1,1,0,7.62,0.0001708750000000009,0.003225,94.7,1,0,
loop_only,HumanEval/83,0,0,0,9.2,0.00028904999999999903,0.00794,96.36,1,0,
loop_only,HumanEval/84,1,1,0,15.11,0.0005068249999999955,0.004260000000000001,88.1,2,0,
loop_only,HumanEval/85,1,1,0,5.64,0.0001429999999999973,0.0026725,94.65,1,0,
loop_only,HumanEval/86,1,1,0,8.78,0.00032330000000000553,0.0055337500000000005,94.16,1,0,
loop_only,HumanEval/87,1,1,0,7.71,0.0002879999999999966,0.0063575,95.47,1,0,
loop_only,HumanEval/88,1,1,0,10.07,0.0002771999999999983,0.00607625,95.44,1,0,
loop_only,HumanEval/89,1,1,0,11.69,0.0002884999999999971,0.00691125,95.83,1,0,
loop_only,HumanEval/90,1,1,0,5.11,0.00015917500000000445,0.00316875,94.98,1,0,
loop_only,HumanEval/91,1,1,0,5.81,0.00021994999999999654,0.0035175,93.75,1,0,
loop_only,HumanEval/92,1,1,0,6.01,0.00017364999999999742,0.0034525,94.97,1,0,
loop_only,HumanEval/93,1,1,0,14.22,0.000313525000000002,0.00773,95.94,1,0,
loop_only,HumanEval/94,0,0,0,21.34,0.0006985749999999999,0.0083,91.58,2,0,
loop_only,HumanEval/95,1,1,0,8.34,0.0002466749999999948,0.004795000000000001,94.86,1,0,
loop_only,HumanEval/96,1,1,0,10.31,0.0002445999999999976,0.005915,95.86,1,0,
loop_only,HumanEval/97,1,1,0,5.63,0.0001439999999999983,0.00241625,94.04,1,0,
loop_only,HumanEval/98,0,0,0,18.91,0.0006170250000000072,0.00899375,93.14,2,0,
loop_only,HumanEval/99,1,1,0,5.97,0.00022130000000000066,0.0037087500000000002,94.03,1,0,
loop_only,HumanEval/100,0,0,0,7.58,0.00019929999999999948,0.00456875,95.64,1,0,
loop_only,HumanEval/101,1,1,0,5.06,0.00014775000000000205,0.00225875,93.46,1,0,
loop_only,HumanEval/102,0,0,0,6.18,0.0001793499999999948,0.00339,94.71,1,0,
loop_only,HumanEval/103,1,1,0,16.44,0.0005021499999999998,0.004648749999999999,89.2,2,0,
loop_only,HumanEval/104,1,1,0,5.37,0.00017400000000000054,0.0028799999999999997,93.96,1,0,
loop_only,HumanEval/105,1,1,0,6.46,0.00020749999999999935,0.00396875,94.77,1,0,
loop_only,HumanEval/106,0,0,0,8.64,0.00020432499999999826,0.00503875,95.94,1,0,
loop_only,HumanEval/107,1,1,0,8.72,0.00023622499999999963,0.00443625,94.68,1,0,
loop_only,HumanEval/108,1,1,0,9.41,0.00025325000000000347,0.00468875,94.6,1,0,
loop_only,HumanEval/109,1,1,0,11.39,0.0003601000000000021,0.0076,95.26,1,0,
loop_only,HumanEval/110,1,1,0,6.94,0.0002303249999999965,0.0049,95.3,1,0,
loop_only,HumanEval/111,1,1,0,7.1,0.00020582499999999976,0.0037025,94.44,1,0,
loop_only,HumanEval/112,1,1,0,5.73,0.00015377500000000183,0.00235875,93.48,1,0,
loop_only,HumanEval/113,0,0,0,10.31,0.0003789500000000029,0.0077800000000000005,95.13,1,0,
loop_only,HumanEval/114,1,1,0,6.69,0.0001980249999999975,0.00358375,94.47,1,0,
loop_only,HumanEval/115,1,1,0,6.99,0.00023775000000000185,0.0054275,95.62,1,0,
loop_only,HumanEval/116,0,0,0,9.91,0.00026112500000000094,0.0053662499999999995,95.13,1,0,
loop_only,HumanEval/117,1,1,0,8.82,0.0002663249999999978,0.005209999999999999,94.89,1,0,
loop_only,HumanEval/118,1,1,0,8.0,0.0002595499999999973,0.00458625,94.34,1,0,
loop_only,HumanEval/119,1,1,0,11.45,0.00039975000000000427,0.00821,95.13,1,0,
loop_only,HumanEval/120,1,1,0,7.06,0.0001993250000000002,0.003975,94.99,1,0,
loop_only,HumanEval/121,1,1,0,6.69,0.0001510999999999943,0.0034950000000000003,95.68,1,0,
loop_only,HumanEval/122,1,1,0,8.15,0.0002004999999999993,0.00394375,94.92,1,0,
loop_only,HumanEval/123,1,1,0,6.56,0.00017994999999999817,0.003035,94.07,1,0,
loop_only,HumanEval/124,1,1,0,8.54,0.00026944999999999747,0.0055625,95.16,1,0,
loop_only,HumanEval/125,1,1,0,12.8,0.0005690749999999953,0.00527875,89.22,2,0,
loop_only,HumanEval/126,1,1,0,9.94,0.00026052499999999756,0.005535,95.29,1,0,
loop_only,HumanEval/127,0,0,0,9.12,0.0002808250000000054,0.0054600000000000004,94.86,1,0,
loop_only,HumanEval/128,1,1,0,16.89,0.0005219750000000009,0.00356625,85.36,2,0,
loop_only,HumanEval/129,1,1,0,23.73,0.0009783999999999973,0.00805875,87.86,2,0,
loop_only,HumanEval/130,0,0,0,27.12,0.0009141250000000017,0.00583625,84.34,2,0,
loop_only,HumanEval/131,1,1,0,5.18,0.00013567500000000177,0.0025425,94.66,1,0,
loop_only,HumanEval/132,0,0,0,19.7,0.000857050000000005,0.005690000000000001,84.94,2,0,
loop_only,HumanEval/133,1,1,0,5.63,0.00015935000000000255,0.0032400000000000003,95.08,1,0,
loop_only,HumanEval/134,0,0,0,29.16,0.0009745499999999976,0.022465,95.66,1,0,
loop_only,HumanEval/135,1,1,0,10.05,0.0002599749999999956,0.0060825,95.73,1,0,
loop_only,HumanEval/136,1,1,0,5.41,0.0001827249999999947,0.00332125,94.5,1,0,
loop_only,HumanEval/137,1,1,0,8.43,0.0002992750000000016,0.00579,94.83,1,0,
loop_only,HumanEval/138,1,1,0,7.94,0.00020860000000000323,0.00465,95.51,1,0,
loop_only,HumanEval/139,1,1,0,4.27,0.00013747499999999802,0.0021125000000000002,93.49,1,0,
loop_only,HumanEval/140,1,1,0,7.85,0.0002665749999999911,0.005306249999999999,94.98,1,0,
loop_only,HumanEval/141,1,1,0,7.8,0.0002595000000000097,0.00474125,94.53,1,0,
loop_only,HumanEval/142,1,1,0,11.56,0.00030220000000000247,0.007785,96.12,1,0,
loop_only,HumanEval/143,1,1,0,8.84,0.00021002500000000257,0.0037575,94.41,1,0,
loop_only,HumanEval/144,1,0,1,12.66,0.0006096000000000018,0.0059975,89.84,2,0,
loop_only,HumanEval/145,0,0,0,6.75,0.00022424999999999529,0.0042474999999999995,94.72,1,0,
loop_only,HumanEval/146,1,1,0,5.8,0.00018092499999999845,0.0033125,94.54,1,0,
loop_only,HumanEval/147,1,1,0,10.59,0.00024715000000000154,0.006339999999999999,96.1,1,0,
loop_only,HumanEval/148,1,1,0,11.39,0.0004061750000000086,0.0088175,95.39,1,0,
loop_only,HumanEval/149,1,1,0,5.91,0.0001520500000000008,0.0023274999999999997,93.47,1,0,
loop_only,HumanEval/150,1,1,0,6.09,0.0001281250000000067,0.00267125,95.2,1,0,
loop_only,HumanEval/151,1,1,0,9.33,0.00023560000000000247,0.005775000000000001,95.92,1,0,
loop_only,HumanEval/152,1,1,0,8.92,0.00021820000000000173,0.00446125,95.11,1,0,
loop_only,HumanEval/153,1,1,0,6.47,0.00024342499999999156,0.00414375,94.13,1,0,
loop_only,HumanEval/154,1,1,0,14.83,0.000461749999999983,0.0037725,87.76,2,0,
loop_only,HumanEval/155,1,1,0,7.0,0.00014850000000000974,0.0023587499999999997,93.7,1,0,
loop_only,HumanEval/156,1,1,0,6.36,0.00023057499999999675,0.004275,94.61,1,0,
loop_only,HumanEval/157,1,1,0,6.38,0.00017055000000000542,0.00304875,94.41,1,0,
loop_only,HumanEval/158,1,1,0,9.46,0.00022775000000001266,0.0035337499999999996,93.56,1,0,
loop_only,HumanEval/159,0,0,0,9.03,0.00024380000000000235,0.0048675,94.99,1,0,
loop_only,HumanEval/160,1,0,1,20.47,0.0007534500000000166,0.00623375,87.91,2,0,
loop_only,HumanEval/161,1,1,0,5.83,0.00018374999999999642,0.0033275,94.48,1,0,
loop_only,HumanEval/162,0,0,0,12.59,0.00036167499999999186,0.00313875,88.48,2,0,
loop_only,HumanEval/163,0,0,0,5.99,0.00014072499999999433,0.00317875,95.57,1,0,
fallback_only,HumanEval/0,1,1,0,4.62,0.00015624999999999667,0.00284875,94.52,1,0,
fallback_only,HumanEval/1,1,1,0,19.13,0.0034814999999999985,0.00279625,-24.51,1,1,
fallback_only,HumanEval/2,1,1,0,5.5,0.00015360000000000373,0.00212875,92.78,1,0,
fallback_only,HumanEval/3,1,1,0,5.7,0.00013727500000000614,0.00195,92.96,1,0,
fallback_only,HumanEval/4,1,1,0,4.71,0.00016769999999999285,0.00317,94.71,1,0,
fallback_only,HumanEval/5,1,1,0,6.07,0.00019039999999999335,0.003555,94.64,1,0,
fallback_only,HumanEval/6,1,1,0,8.33,0.00022387499999999838,0.0039900000000000005,94.39,1,0,
fallback_only,HumanEval/7,1,1,0,4.95,0.00015274999999999317,0.00212875,92.82,1,0,
fallback_only,HumanEval/8,1,1,0,5.79,0.000171774999999999,0.00307,94.4,1,0,
fallback_only,HumanEval/9,1,1,0,5.95,0.0001830000000000026,0.0030275,93.96,1,0,
fallback_only,HumanEval/10,1,1,0,6.35,0.00022935000000000316,0.00362875,93.68,1,0,
fallback_only,HumanEval/11,1,1,0,5.22,0.00016079999999998873,0.0028299999999999996,94.32,1,0,
fallback_only,HumanEval/12,1,1,0,7.36,0.00016492499999999632,0.00279,94.09,1,0,
fallback_only,HumanEval/13,1,1,0,5.79,0.00012432499999999458,0.00185125,93.28,1,0,
fallback_only,HumanEval/14,1,1,0,3.85,0.00011292499999999983,0.00182625,93.82,1,0,
fallback_only,HumanEval/15,1,1,0,4.17,8.39499999999993e-05,0.00103875,91.92,1,0,
fallback_only,HumanEval/16,1,1,0,5.67,0.00014790000000000636,0.002365,93.75,1,0,
fallback_only,HumanEval/17,1,1,0,7.4,0.00022170000000000523,0.004295,94.84,1,0,
fallback_only,HumanEval/18,1,1,0,6.21,0.00016755000000000242,0.0033137500000000003,94.94,1,0,
fallback_only,HumanEval/19,1,1,0,7.18,0.00019707500000000489,0.00373375,94.72,1,0,
fallback_only,HumanEval/20,1,1,0,8.33,0.00022537499999999988,0.004472500000000001,94.96,1,0,
fallback_only,HumanEval/21,1,1,0,6.35,0.00017414999999999792,0.00346875,94.98,1,0,
fallback_only,HumanEval/22,1,1,0,3.31,0.00010224999999999818,0.00117,91.26,1,0,
fallback_only,HumanEval/23,1,1,0,3.17,7.127500000000953e-05,0.0007075,89.93,1,0,
fallback_only,HumanEval/24,1,1,0,7.17,0.0001567749999999979,0.0027487500000000003,94.3,1,0,
fallback_only,HumanEval/25,1,1,0,8.21,0.0002378749999999985,0.00427,94.43,1,0,
fallback_only,HumanEval/26,1,1,0,5.68,0.00015482499999999733,0.0027775,94.43,1,0,
fallback_only,HumanEval/27,1,1,0,4.07,9.947500000000165e-05,0.00096375,89.68,1,0,
fallback_only,HumanEval/28,1,1,0,4.0,7.624999999999993e-05,0.00088375,91.37,1,0,
fallback_only,HumanEval/29,1,1,0,4.15,9.212499999999846e-05,0.0012224999999999998,92.46,1,0,
fallback_only,HumanEval/30,1,1,0,5.62,9.842499999999921e-05,0.001815,94.58,1,0,
fallback_only,HumanEval/31,1,1,0,4.37,0.00014265000000000805,0.0026675,94.65,1,0,
fallback_only,HumanEval/32,0,0,0,54.08,0.00728127499999999,0.0080575,9.63,1,1,
fallback_only,HumanEval/33,0,0,0,10.32,0.00030617500000000575,0.007335,95.83,1,0,
fallback_only,HumanEval/34,1,1,0,4.11,8.002499999999746e-05,0.001285,93.77,1,0,
fallback_only,HumanEval/35,1,1,0,7.51,0.00013227500000000114,0.00234625,94.36,1,0,
fallback_only,HumanEval/36,0,0,0,13.85,0.0004025000000000001,0.011872500000000001,96.61,1,0,
fallback_only,HumanEval/37,1,1,0,6.0,0.00018970000000000098,0.0037175,94.9,1,0,
fallback_only,HumanEval/38,0,0,0,11.56,0.00036252500000000243,0.0081225,95.54,1,0,
fallback_only,HumanEval/39,1,1,0,6.45,0.00021844999999999504,0.00427375,94.89,1,0,
fallback_only,HumanEval/40,1,1,0,25.53,0.0030511250000000018,0.0033725,9.53,1,1,
fallback_only,HumanEval/41,1,1,0,10.95,0.0003162000000000026,0.00582,94.57,1,0,
fallback_only,HumanEval/42,1,1,0,5.71,9.679999999999411e-05,0.0018399999999999998,94.74,1,0,
fallback_only,HumanEval/43,1,1,0,6.25,0.00020794999999999841,0.00425,95.11,1,0,
fallback_only,HumanEval/44,1,1,0,7.02,0.0001586499999999963,0.0030475,94.79,1,0,
fallback_only,HumanEval/45,1,1,0,3.7,6.872500000000559e-05,0.0009412499999999999,92.7,1,0,
fallback_only,HumanEval/46,1,1,0,8.21,0.00018279999999999685,0.00403625,95.47,1,0,
fallback_only,HumanEval/47,1,1,0,6.08,0.00017245000000000454,0.0034575,95.01,1,0,
fallback_only,HumanEval/48,1,1,0,5.75,0.00017219999999999736,0.0029825,94.23,1,0,
fallback_only,HumanEval/49,1,1,0,4.01,0.00010840000000000849,0.00136625,92.07,1,0,
fallback_only,HumanEval/50,0,0,0,28.62,0.003025550000000002,0.00311625,2.91,1,1,
fallback_only,HumanEval/51,1,1,0,7.54,0.00012995000000000367,0.0013875,90.63,1,0,
fallback_only,HumanEval/52,1,1,0,3.71,0.00010720000000000174,0.0016825,93.63,1,0,
fallback_only,HumanEval/53,1,1,0,4.47,9.309999999999874e-05,0.00129,92.78,1,0,
fallback_only,HumanEval/54,1,1,0,7.69,0.00015087500000000864,0.0030062500000000002,94.98,1,0,
fallback_only,HumanEval/55,1,1,0,6.8,0.00015824999999999867,0.00299875,94.72,1,0,
fallback_only,HumanEval/56,1,1,0,8.24,0.00018840000000000523,0.00275,93.15,1,0,
fallback_only,HumanEval/57,1,1,0,9.29,0.00017335000000000267,0.0033812499999999997,94.87,1,0,
fallback_only,HumanEval/58,1,1,0,8.45,0.00014747500000000802,0.0033562500000000003,95.61,1,0,
fallback_only,HumanEval/59,1,1,0,7.18,0.00017709999999999948,0.0035225,94.97,1,0,
fallback_only,HumanEval/60,1,1,0,4.59,9.45499999999988e-05,0.00175125,94.6,1,0,
fallback_only,HumanEval/61,1,1,0,7.28,0.000201975000000007,0.0032675,93.82,1,0,
fallback_only,HumanEval/62,1,1,0,7.71,0.00016184999999999117,0.0030175,94.64,1,0,
fallback_only,HumanEval/63,1,1,0,6.97,0.00019755000000000467,0.0040575,95.13,1,0,
fallback_only,HumanEval/64,1,1,0,9.01,0.00027425000000000366,0.00584,95.3,1,0,
fallback_only,HumanEval/65,1,1,0,37.57,0.0024904250000000044,0.00247625,-0.57,1,1,
fallback_only,HumanEval/66,1,1,0,6.18,0.00014922499999998895,0.0025624999999999997,94.18,1,0,
fallback_only,HumanEval/67,1,0,1,6.35,0.000249474999999999,0.004676250000000001,94.67,1,0,
fallback_only,HumanEval/68,1,1,0,7.07,0.00023350000000001148,0.00420375,94.45,1,0,
fallback_only,HumanEval/69,1,1,0,5.58,0.000183875,0.00396,95.36,1,0,
fallback_only,HumanEval/70,1,1,0,20.76,0.002034825000000004,0.00216875,6.18,1,1,
fallback_only,HumanEval/71,1,1,0,5.79,0.00013002500000000583,0.002455,94.7,1,0,
fallback_only,HumanEval/72,1,1,0,8.18,0.00019215000000000204,0.003575,94.63,1,0,
fallback_only,HumanEval/73,1,1,0,8.69,0.0001820000000000016,0.00413,95.59,1,0,
fallback_only,HumanEval/74,1,1,0,8.68,0.0002062000000000036,0.004245,95.14,1,0,
fallback_only,HumanEval/75,0,0,0,9.12,0.00026055000000001216,0.005614999999999999,95.36,1,0,
fallback_only,HumanEval/76,1,1,0,65.45,0.002450350000000004,0.00262125,6.52,1,1,
fallback_only,HumanEval/77,1,1,0,26.54,0.001891150000000008,0.00198125,4.55,1,1,
fallback_only,HumanEval/78,1,1,0,15.29,0.0018311749999999904,0.0022275000000000003,17.79,1,1,
fallback_only,HumanEval/79,1,1,0,6.2,0.00014972500000000333,0.0023375,93.59,1,0,
fallback_only,HumanEval/80,1,1,0,7.14,0.00018324999999999592,0.00388625,95.28,1,0,
fallback_only,HumanEval/81,0,0,0,10.8,0.00029144999999999865,0.00593125,95.09,1,0,
fallback_only,HumanEval/82,1,1,0,5.94,0.00017679999999999085,0.003275,94.6,1,0,
fallback_only,HumanEval/83,1,1,0,13.19,0.0002962749999999986,0.00847,96.5,1,0,
fallback_only,HumanEval/84,1,1,0,29.88,0.0015855749999999919,0.00167,5.06,1,1,
fallback_only,HumanEval/85,1,1,0,5.18,0.00015089999999999548,0.0026925,94.4,1,0,
fallback_only,HumanEval/86,1,1,0,5.77,0.0002671749999999945,0.00443375,93.97,1,0,
fallback_only,HumanEval/87,1,1,0,8.03,0.0002908999999999967,0.0069975,95.84,1,0,
fallback_only,HumanEval/88,1,1,0,7.67,0.0002701999999999982,0.00557625,95.15,1,0,
fallback_only,HumanEval/89,1,1,0,12.5,0.00029214999999999103,0.00714125,95.91,1,0,
fallback_only,HumanEval/90,1,1,0,6.96,0.00017595000000000804,0.00316875,94.45,1,0,
fallback_only,HumanEval/91,1,1,0,61.22,0.002940474999999998,0.0029475,0.24,1,1,
fallback_only,HumanEval/92,1,1,0,7.28,0.0001862249999999982,0.0036325,94.87,1,0,
fallback_only,HumanEval/93,1,1,0,47.79,0.0030059500000000072,0.00233,-29.01,1,1,
fallback_only,HumanEval/94,1,1,0,7.5,0.0002912749999999936,0.00705,95.87,1,0,
fallback_only,HumanEval/95,1,1,0,8.22,0.00025884999999999103,0.005175,95.0,1,0,
fallback_only,HumanEval/96,1,1,0,8.4,0.00023059999999999747,0.005785,96.01,1,0,
fallback_only,HumanEval/97,1,1,0,6.19,0.00013552499999999745,0.00247625,94.53,1,0,
fallback_only,HumanEval/98,1,1,0,14.45,0.001263475,0.00124375,-1.59,1,1,
fallback_only,HumanEval/99,1,1,0,40.36,0.0025751499999999983,0.00215875,-19.29,1,1,
fallback_only,HumanEval/100,0,0,0,7.68,0.00020494999999999541,0.00442875,95.37,1,0,
fallback_only,HumanEval/101,1,1,0,4.82,0.00012847499999998901,0.00202875,93.67,1,0,
fallback_only,HumanEval/102,0,0,0,7.36,0.0002055499999999988,0.00383,94.63,1,0,
fallback_only,HumanEval/103,1,0,1,7.23,0.00020499999999998297,0.0039387499999999995,94.8,1,0,
fallback_only,HumanEval/104,1,1,0,5.82,0.00018730000000000135,0.0028699999999999997,93.47,1,0,
fallback_only,HumanEval/105,1,1,0,9.53,0.00020834999999999604,0.00398875,94.78,1,0,
fallback_only,HumanEval/106,0,0,0,8.08,0.0002605499999999983,0.00588875,95.58,1,0,
fallback_only,HumanEval/107,1,1,0,7.5,0.00022325000000000816,0.004486250000000001,95.02,1,0,
fallback_only,HumanEval/108,1,1,0,19.74,0.002050300000000005,0.00211875,3.23,1,1,
fallback_only,HumanEval/109,1,1,0,10.06,0.0003277499999999878,0.00632,94.81,1,0,
fallback_only,HumanEval/110,1,1,0,8.14,0.00023485000000000866,0.004889999999999999,95.2,1,0,
fallback_only,HumanEval/111,1,1,0,22.38,0.0020383499999999943,0.0016925,-20.43,1,1,
fallback_only,HumanEval/112,1,1,0,6.03,0.00015439999999999898,0.00252875,93.89,1,0,
fallback_only,HumanEval/113,1,1,0,9.17,0.0002712250000000138,0.0054600000000000004,95.03,1,0,
fallback_only,HumanEval/114,1,1,0,34.32,0.0038945750000000112,0.00374375,-4.03,1,1,
fallback_only,HumanEval/115,1,1,0,9.08,0.0002644249999999848,0.005327500000000001,95.04,1,0,
fallback_only,HumanEval/116,1,1,0,7.69,0.00032412500000000843,0.00731625,95.57,1,0,
fallback_only,HumanEval/117,1,1,0,9.0,0.00026190000000000935,0.005039999999999999,94.8,1,0,
fallback_only,HumanEval/118,1,1,0,20.32,0.002647399999999994,0.0025362500000000003,-4.38,1,1,
fallback_only,HumanEval/119,1,1,0,6.37,0.00024079999999998547,0.004719999999999999,94.9,1,0,
fallback_only,HumanEval/120,1,1,0,5.02,0.00019497499999998613,0.003825,94.9,1,0,
fallback_only,HumanEval/121,1,1,0,8.02,0.0001508999999999816,0.0034950000000000003,95.68,1,0,
fallback_only,HumanEval/122,1,1,0,9.17,0.0002139500000000183,0.00395375,94.59,1,0,
fallback_only,HumanEval/123,1,1,0,7.27,0.0001679250000000132,0.003055,94.5,1,0,
fallback_only,HumanEval/124,1,1,0,7.25,0.0002670750000000055,0.0056425,95.27,1,0,
fallback_only,HumanEval/125,1,1,0,7.59,0.0002514499999999864,0.00533875,95.29,1,0,
fallback_only,HumanEval/126,1,1,0,20.39,0.0020030000000000048,0.001945,-2.98,1,1,
fallback_only,HumanEval/127,0,0,0,7.54,0.00027744999999998465,0.00549,94.95,1,0,
fallback_only,HumanEval/128,1,1,0,7.26,0.00020340000000002023,0.004306249999999999,95.28,1,0,
fallback_only,HumanEval/129,1,1,0,81.68,0.006540775000000026,0.00678875,3.65,1,1,
fallback_only,HumanEval/130,0,0,0,14.03,0.000335274999999996,0.01048625,96.8,1,0,
fallback_only,HumanEval/131,1,1,0,5.2,0.00014415000000000955,0.0023825,93.95,1,0,
fallback_only,HumanEval/132,0,0,0,16.02,0.0004485750000000066,0.00876,94.88,1,0,
fallback_only,HumanEval/133,1,1,0,7.18,0.00017224999999998492,0.00361,95.23,1,0,
fallback_only,HumanEval/134,1,1,0,42.99,0.0016955750000000047,0.0011250000000000001,-50.72,1,1,
fallback_only,HumanEval/135,1,1,0,7.07,0.00018920000000000048,0.0040625,95.34,1,0,
fallback_only,HumanEval/136,1,1,0,23.35,0.0028026749999999767,0.00266125,-5.31,1,1,
fallback_only,HumanEval/137,1,1,0,9.29,0.0003002500000000019,0.00561,94.65,1,0,
fallback_only,HumanEval/138,1,1,0,8.42,0.0002236750000000065,0.00526,95.75,1,0,
fallback_only,HumanEval/139,1,1,0,5.25,0.00012365000000000292,0.0021325000000000003,94.2,1,0,
fallback_only,HumanEval/140,1,1,0,7.24,0.00027447499999999625,0.0053662499999999995,94.89,1,0,
fallback_only,HumanEval/141,1,1,0,27.2,0.002193775000000009,0.00215125,-1.98,1,1,
fallback_only,HumanEval/142,1,1,0,8.5,0.00023020000000001373,0.005535,95.84,1,0,
fallback_only,HumanEval/143,1,1,0,6.79,0.00020842500000001207,0.0033375,93.76,1,0,
fallback_only,HumanEval/144,1,0,1,5.29,0.00021657499999999663,0.0037475,94.22,1,0,
fallback_only,HumanEval/145,0,0,0,105.72,0.001649974999999998,0.0015075,-9.45,1,1,
fallback_only,HumanEval/146,1,1,0,8.94,0.00018987499999997826,0.0035724999999999997,94.69,1,0,
fallback_only,HumanEval/147,1,1,0,12.9,0.0002765750000000011,0.006979999999999999,96.04,1,0,
fallback_only,HumanEval/148,1,1,0,9.67,0.00034100000000000796,0.0073475,95.36,1,0,
fallback_only,HumanEval/149,1,1,0,6.1,0.00013852500000000045,0.0023274999999999997,94.05,1,0,
fallback_only,HumanEval/150,1,1,0,7.49,0.00013042499999998958,0.00267125,95.12,1,0,
fallback_only,HumanEval/151,1,1,0,10.17,0.0002501000000000031,0.005555,95.5,1,0,
fallback_only,HumanEval/152,1,1,0,6.67,0.00017342499999997707,0.00383125,95.47,1,0,
fallback_only,HumanEval/153,1,1,0,7.1,0.0002541999999999822,0.00415375,93.88,1,0,
fallback_only,HumanEval/154,1,1,0,42.19,0.0014019499999999852,0.0014325000000000002,2.13,1,1,
fallback_only,HumanEval/155,1,1,0,6.01,0.00016740000000001198,0.0029787499999999996,94.38,1,0,
fallback_only,HumanEval/156,1,1,0,6.9,0.00021699999999999497,0.004355,95.02,1,0,
fallback_only,HumanEval/157,1,1,0,6.76,0.00018297500000000189,0.00334875,94.54,1,0,
fallback_only,HumanEval/158,1,1,0,7.14,0.00022292499999998494,0.0035337499999999996,93.69,1,0,
fallback_only,HumanEval/159,1,1,0,18.44,0.00306010000000001,0.0032575,6.06,1,1,
fallback_only,HumanEval/160,1,0,1,12.11,0.00032722499999998655,0.00589375,94.45,1,0,
fallback_only,HumanEval/161,1,1,0,8.47,0.00019555000000001654,0.0032875,94.05,1,0,
fallback_only,HumanEval/162,1,1,0,25.48,0.001160124999999984,0.00112875,-2.78,1,1,
fallback_only,HumanEval/163,0,0,0,7.3,0.0002064750000000115,0.00381875,94.59,1,0,
full_system,HumanEval/0,1,1,0,6.32,0.00019277500000000614,0.00372875,94.83,1,0,
full_system,HumanEval/1,1,1,0,17.18,0.0006790499999999866,0.00548625,87.62,2,0,
full_system,HumanEval/2,1,1,0,7.05,0.0001551750000000074,0.00248875,93.76,1,0,
full_system,HumanEval/3,1,1,0,5.27,0.00012159999999999949,0.00195,93.76,1,0,
full_system,HumanEval/4,1,1,0,8.15,0.00017819999999998948,0.00294,93.94,1,0,
full_system,HumanEval/5,1,1,0,8.98,0.0001891250000000122,0.003455,94.53,1,0,
full_system,HumanEval/6,1,1,0,8.46,0.00022407499999999025,0.0040100000000000005,94.41,1,0,
full_system,HumanEval/7,1,1,0,6.9,0.00015782500000000033,0.00212875,92.59,1,0,
full_system,HumanEval/8,1,1,0,6.16,0.00015799999999999148,0.0030299999999999997,94.79,1,0,
full_system,HumanEval/9,1,1,0,5.68,0.00012262500000001508,0.0020975,94.15,1,0,
full_system,HumanEval/10,1,1,0,15.8,0.000548350000000003,0.0045787499999999995,88.02,2,0,
full_system,HumanEval/11,1,1,0,4.91,0.00017437499999997663,0.0031699999999999996,94.5,1,0,
full_system,HumanEval/12,1,1,0,4.66,0.00015762499999999458,0.00294,94.64,1,0,
full_system,HumanEval/13,1,1,0,5.16,0.0001293249999999857,0.0018612499999999998,93.05,1,0,
full_system,HumanEval/14,1,1,0,3.88,0.00010272499999999796,0.0017762499999999998,94.22,1,0,
full_system,HumanEval/15,1,1,0,4.02,8.819999999998274e-05,0.00099875,91.17,1,0,
full_system,HumanEval/16,1,1,0,5.63,0.00014842500000000758,0.002525,94.12,1,0,
full_system,HumanEval/17,1,1,0,7.3,0.00023185000000000566,0.0043950000000000005,94.72,1,0,
full_system,HumanEval/18,1,1,0,7.52,0.000181874999999998,0.00333375,94.54,1,0,
full_system,HumanEval/19,1,1,0,6.65,0.000188875000000005,0.0034737500000000003,94.56,1,0,
full_system,HumanEval/20,1,1,0,6.94,0.00024442499999999256,0.004512499999999999,94.58,1,0,
full_system,HumanEval/21,1,1,0,5.31,0.00017252499999997895,0.00336875,94.88,1,0,
full_system,HumanEval/22,1,1,0,5.42,0.0001625249999999967,0.00307,94.71,1,0,
full_system,HumanEval/23,1,1,0,3.13,8.310000000000262e-05,0.0006875000000000001,87.91,1,0,
full_system,HumanEval/24,1,1,0,6.09,0.00014582500000001608,0.00235875,93.82,1,0,
full_system,HumanEval/25,1,1,0,6.57,0.00023779999999998247,0.00437,94.56,1,0,
full_system,HumanEval/26,1,1,0,5.75,0.00016657500000000214,0.0027775,94.0,1,0,
full_system,HumanEval/27,1,1,0,4.43,9.034999999998905e-05,0.00085375,89.42,1,0,
full_system,HumanEval/28,1,1,0,3.6,7.687499999997627e-05,0.00088375,91.3,1,0,
full_system,HumanEval/29,1,1,0,4.7,0.00014190000000000036,0.0022325,93.64,1,0,
full_system,HumanEval/30,1,1,0,4.7,9.592499999999671e-05,0.001815,94.71,1,0,
full_system,HumanEval/31,1,1,0,6.13,0.0001413500000000123,0.0026575,94.68,1,0,
full_system,HumanEval/32,1,1,0,11.02,0.000352474999999991,0.007877499999999999,95.53,1,0,
full_system,HumanEval/33,1,1,0,9.45,0.00027959999999999097,0.0073950000000000005,96.22,1,0,
full_system,HumanEval/34,1,1,0,4.34,8.872500000001171e-05,0.001285,93.1,1,0,
full_system,HumanEval/35,1,1,0,5.59,0.00016517499999998964,0.00234625,92.96,1,0,
full_system,HumanEval/36,0,0,0,26.61,0.0006676999999999933,0.020132499999999998,96.68,1,0,
full_system,HumanEval/37,1,1,0,9.57,0.00020180000000000198,0.0036175,94.42,1,0,
full_system,HumanEval/38,0,0,0,9.6,0.00034537500000000887,0.0074325,95.35,1,0,
full_system,HumanEval/39,1,1,0,112.34,0.006402800000000014,0.00697375,8.19,2,1,
full_system,HumanEval/40,1,1,0,17.76,0.0005570500000000311,0.0051125,89.1,2,0,
full_system,HumanEval/41,0,0,0,8.29,0.0003852749999999905,0.0070799999999999995,94.56,1,0,
full_system,HumanEval/42,1,1,0,4.45,9.377500000001815e-05,0.0018399999999999998,94.9,1,0,
full_system,HumanEval/43,1,1,0,6.51,0.00021175000000001054,0.0038,94.43,1,0,
full_system,HumanEval/44,1,1,0,7.74,0.00016869999999999385,0.0029775,94.33,1,0,
full_system,HumanEval/45,1,1,0,3.81,8.502500000001634e-05,0.00145125,94.14,1,0,
full_system,HumanEval/46,1,1,0,16.99,0.0005326499999999956,0.0058762499999999995,90.94,2,0,
full_system,HumanEval/47,1,1,0,6.33,0.0001741500000000118,0.0036175,95.19,1,0,
full_system,HumanEval/48,1,1,0,6.15,0.0001725250000000067,0.0029425000000000002,94.14,1,0,
full_system,HumanEval/49,1,1,0,6.97,0.00010109999999999286,0.00136625,92.6,1,0,
full_system,HumanEval/50,0,0,1,14.07,0.0004998249999999815,0.00418625,88.06,2,0,
full_system,HumanEval/51,1,1,0,6.32,0.0001532999999999951,0.0020275,92.44,1,0,
full_system,HumanEval/52,1,1,0,4.17,0.00011810000000000986,0.0016825,92.98,1,0,
full_system,HumanEval/53,1,1,0,4.73,9.510000000001462e-05,0.00125,92.39,1,0,
full_system,HumanEval/54,1,1,0,25.91,0.002051049999999971,0.00190625,-7.6,2,1,
full_system,HumanEval/55,1,1,0,5.36,0.00014147500000000202,0.00285875,95.05,1,0,
full_system,HumanEval/56,1,1,0,14.29,0.00044247499999999773,0.00345,87.17,2,0,
full_system,HumanEval/57,1,1,0,6.06,0.00018385000000001317,0.0036612499999999996,94.98,1,0,
full_system,HumanEval/58,1,1,0,5.59,0.00015547499999998826,0.00341625,95.45,1,0,
full_system,HumanEval/59,1,1,0,6.75,0.00018580000000001373,0.0035225,94.73,1,0,
full_system,HumanEval/60,1,1,0,4.73,9.372499999998896e-05,0.00176125,94.68,1,0,
full_system,HumanEval/61,1,1,0,7.78,0.00020444999999999491,0.0032675,93.74,1,0,
full_system,HumanEval/62,1,1,0,6.48,0.00015875000000001305,0.0031875,95.02,1,0,
full_system,HumanEval/63,1,1,0,6.55,0.0001887250000000007,0.0041175,95.42,1,0,
full_system,HumanEval/64,1,1,0,21.08,0.000678375,0.0067,89.88,2,0,
full_system,HumanEval/65,1,1,0,49.51,0.0029215,0.00246625,-18.46,2,1,
full_system,HumanEval/66,1,1,0,5.36,0.00014972499999999986,0.0025724999999999997,94.18,1,0,
full_system,HumanEval/67,1,1,0,8.19,0.000282975,0.0050662500000000004,94.41,1,0,
full_system,HumanEval/68,1,1,0,6.82,0.0002335999999999996,0.00434375,94.62,1,0,
full_system,HumanEval/69,1,1,0,6.67,0.00020162500000000042,0.00411,95.09,1,0,
full_system,HumanEval/70,1,1,0,7.61,0.00021014999999999923,0.00401875,94.77,1,0,
full_system,HumanEval/71,1,1,0,5.32,0.00014532499999999997,0.002455,94.08,1,0,
full_system,HumanEval/72,1,1,0,6.56,0.00018425000000000039,0.003915,95.29,1,0,
full_system,HumanEval/73,1,1,0,6.36,0.0002026500000000004,0.0042,95.17,1,0,
full_system,HumanEval/74,1,1,0,6.54,0.0001992750000000005,0.004245,95.31,1,0,
full_system,HumanEval/75,1,1,0,39.52,0.0029263249999999996,0.002845,-2.86,2,1,
full_system,HumanEval/76,1,1,0,7.97,0.00022082500000000088,0.0056612500000000005,96.1,1,0,
full_system,HumanEval/77,1,1,0,6.6,0.00022850000000000127,0.00439125,94.8,1,0,
full_system,HumanEval/78,0,0,1,16.62,0.000629325,0.0062175,89.88,2,0,
full_system,HumanEval/79,1,1,0,7.06,0.0001395499999999987,0.0023275,94.0,1,0,
full_system,HumanEval/80,1,1,0,8.14,0.00019152499999999968,0.00389625,95.08,1,0,
full_system,HumanEval/81,1,1,0,15.73,0.0004756249999999986,0.01135125,95.81,1,0,
full_system,HumanEval/82,1,1,0,7.46,0.00017450000000000104,0.003445,94.93,1,0,
full_system,HumanEval/83,1,1,0,12.87,0.0003055249999999992,0.00777,96.07,1,0,
full_system,HumanEval/84,1,1,0,5.34,0.00017769999999999939,0.003,94.08,1,0,
full_system,HumanEval/85,1,1,0,6.58,0.00014450000000000053,0.0031025000000000002,95.34,1,0,
full_system,HumanEval/86,1,1,0,8.34,0.00030802499999999997,0.0055537500000000005,94.45,1,0,
full_system,HumanEval/87,1,1,0,8.26,0.0002993500000000003,0.0064175000000000005,95.34,1,0,
full_system,HumanEval/88,1,1,0,8.36,0.0002522749999999997,0.00484625,94.79,1,0,
full_system,HumanEval/89,1,1,0,10.65,0.0003182250000000001,0.00818125,96.11,1,0,
full_system,HumanEval/90,1,1,0,8.51,0.00017937499999999898,0.00318875,94.37,1,0,
full_system,HumanEval/91,1,1,0,6.13,0.0002071,0.0033375,93.79,1,0,
full_system,HumanEval/92,1,1,0,7.96,0.0001754249999999999,0.0034024999999999997,94.84,1,0,
full_system,HumanEval/93,1,1,0,11.12,0.00033735000000000015,0.0064199999999999995,94.75,1,0,
full_system,HumanEval/94,1,1,0,10.09,0.00025244999999999955,0.0062699999999999995,95.97,1,0,
full_system,HumanEval/95,1,1,0,7.04,0.00028740000000000016,0.005605000000000001,94.87,1,0,
full_system,HumanEval/96,0,0,0,13.93,0.00033299999999999996,0.009585,96.53,1,0,
full_system,HumanEval/97,1,1,0,5.24,0.00013409999999999984,0.00240625,94.43,1,0,
full_system,HumanEval/98,1,1,0,34.07,0.0015574249999999994,0.00125375,-24.22,2,1,
full_system,HumanEval/99,1,0,1,16.3,0.0006702999999999987,0.00545875,87.72,2,0,
full_system,HumanEval/100,1,1,0,23.66,0.0023881499999999986,0.00212875,-12.19,2,1,
full_system,HumanEval/101,1,1,0,6.31,0.00014957500000000248,0.0022087499999999998,93.23,1,0,
full_system,HumanEval/102,0,0,0,7.01,0.00018492500000000245,0.0038399999999999997,95.18,1,0,
full_system,HumanEval/103,1,0,1,16.25,0.0005491999999999997,0.004968749999999999,88.95,2,0,
full_system,HumanEval/104,1,1,0,6.49,0.0001674749999999968,0.0028899999999999998,94.21,1,0,
full_system,HumanEval/105,1,1,0,8.26,0.00019677499999999973,0.00396875,95.04,1,0,
full_system,HumanEval/106,0,0,0,9.67,0.00025132500000000016,0.00592875,95.76,1,0,
full_system,HumanEval/107,1,1,0,7.34,0.00023105,0.004636250000000001,95.02,1,0,
full_system,HumanEval/108,1,1,0,13.4,0.0005194749999999984,0.00308875,83.18,2,0,
full_system,HumanEval/109,1,1,0,7.14,0.0003153250000000017,0.00598,94.73,1,0,
full_system,HumanEval/110,1,1,0,8.86,0.00025337500000000013,0.00532,95.24,1,0,
full_system,HumanEval/111,1,1,0,11.89,0.0004669750000000014,0.0038625,87.91,2,0,
full_system,HumanEval/112,1,1,0,4.74,0.0001431500000000016,0.00244875,94.15,1,0,
full_system,HumanEval/113,1,1,0,9.22,0.0002378749999999985,0.00464,94.87,1,0,
full_system,HumanEval/114,1,1,0,7.72,0.00020309999999999773,0.00408375,95.03,1,0,
full_system,HumanEval/115,1,1,0,7.11,0.0002580000000000013,0.0051475,94.99,1,0,
full_system,HumanEval/116,1,1,0,15.45,0.0004758499999999999,0.01220625,96.1,1,0,
full_system,HumanEval/117,1,1,0,7.19,0.0002480000000000017,0.005019999999999999,95.06,1,0,
full_system,HumanEval/118,1,1,0,15.95,0.0005671500000000024,0.0038562500000000003,85.29,2,0,
full_system,HumanEval/119,1,1,0,7.71,0.00022584999999999966,0.0045,94.98,1,0,
full_system,HumanEval/120,1,1,0,7.54,0.00019929999999999948,0.003975,94.99,1,0,
full_system,HumanEval/121,1,1,0,5.76,0.00016404999999999892,0.003285,95.01,1,0,
full_system,HumanEval/122,1,1,0,9.35,0.00018784999999999982,0.0037637499999999997,95.01,1,0,
full_system,HumanEval/123,1,1,0,4.44,0.00017414999999999792,0.002775,93.72,1,0,
full_system,HumanEval/124,1,1,0,10.76,0.0002902250000000016,0.0062025,95.32,1,0,
full_system,HumanEval/125,1,1,0,10.55,0.0002605999999999997,0.00477875,94.55,1,0,
full_system,HumanEval/126,1,1,0,18.76,0.000640975000000002,0.005764999999999999,88.88,2,0,
full_system,HumanEval/127,0,0,0,11.21,0.00027617500000000003,0.00523,94.72,1,0,
full_system,HumanEval/128,1,1,0,7.9,0.0002231999999999998,0.00442625,94.96,1,0,
full_system,HumanEval/129,0,0,0,93.56,0.006966299999999998,0.00672875,-3.53,2,1,
full_system,HumanEval/130,0,0,0,23.29,0.0007678249999999998,0.00488625,84.29,2,0,
full_system,HumanEval/131,1,1,0,5.32,0.0001391499999999976,0.0023825,94.16,1,0,
full_system,HumanEval/132,0,0,0,6.86,0.00028045000000000153,0.004860000000000001,94.23,1,0,
full_system,HumanEval/133,1,1,0,8.9,0.00020472499999999588,0.00474,95.68,1,0,
full_system,HumanEval/134,0,0,0,8.86,0.0002940749999999978,0.006065,95.15,1,0,
full_system,HumanEval/135,0,0,0,18.71,0.0005154750000000013,0.0051725,90.03,2,0,
full_system,HumanEval/136,1,1,0,5.78,0.00022347499999999382,0.00409125,94.54,1,0,
full_system,HumanEval/137,1,1,0,8.95,0.00033347499999999974,0.00663,94.97,1,0,
full_system,HumanEval/138,1,1,0,11.26,0.00024357500000000282,0.006209999999999999,96.08,1,0,
full_system,HumanEval/139,1,1,0,5.28,0.00012429999999999386,0.0021025,94.09,1,0,
full_system,HumanEval/140,1,1,0,11.55,0.00040885000000000227,0.00855625,95.22,1,0,
full_system,HumanEval/141,0,0,1,19.35,0.0007459750000000029,0.00786125,90.51,2,0,
full_system,HumanEval/142,1,1,0,16.19,0.0004844499999999974,0.013305,96.36,1,0,
full_system,HumanEval/143,1,1,0,5.27,0.00020077500000000026,0.0033275,93.97,1,0,
full_system,HumanEval/144,1,1,0,7.05,0.00021102500000000357,0.0039675,94.68,1,0,
full_system,HumanEval/145,0,0,0,13.88,0.0004412749999999979,0.0021075,79.06,2,0,
full_system,HumanEval/146,1,1,0,6.01,0.00019062499999999982,0.0035524999999999997,94.63,1,0,
full_system,HumanEval/147,1,1,0,9.28,0.00028844999999999565,0.00684,95.78,1,0,
full_system,HumanEval/148,1,1,0,10.42,0.00035337499999999605,0.0073375,95.18,1,0,
full_system,HumanEval/149,1,1,0,4.69,0.00016557500000000114,0.0026574999999999997,93.77,1,0,
full_system,HumanEval/150,1,1,0,5.52,0.00013725000000000542,0.00267125,94.86,1,0,
full_system,HumanEval/151,1,1,0,10.51,0.0002916999999999989,0.007065,95.87,1,0,
full_system,HumanEval/152,1,1,0,5.28,0.00020815000000000417,0.00439125,95.26,1,0,
full_system,HumanEval/153,1,1,0,12.3,0.0006156000000000078,0.00440375,86.02,2,0,
full_system,HumanEval/154,1,1,0,14.88,0.0005357250000000008,0.0061325,91.26,2,0,
full_system,HumanEval/155,1,1,0,5.74,0.00013897499999999952,0.0023587499999999997,94.11,1,0,
full_system,HumanEval/156,1,1,0,5.39,0.00018732500000000207,0.003635,94.85,1,0,
full_system,HumanEval/157,1,1,0,4.97,0.00013380000000000336,0.00234875,94.3,1,0,
full_system,HumanEval/158,1,1,0,6.03,0.00022242499999999832,0.0036437500000000003,93.9,1,0,
full_system,HumanEval/159,1,1,0,7.13,0.000233825,0.0048575,95.19,1,0,
full_system,HumanEval/160,1,0,1,20.09,0.0008236000000000007,0.0073037499999999995,88.72,2,0,
full_system,HumanEval/161,1,1,0,6.18,0.00020697499999999813,0.0034875,94.07,1,0,
full_system,HumanEval/162,0,0,0,12.14,0.0003802249999999979,0.00411875,90.77,2,0,
full_system,HumanEval/163,0,0,0,7.02,0.00015837500000000226,0.00332875,95.24,1,0,
